t,joy_throttle,joy_steering
0.5023000240325928,-0.0,-0.0
0.5528485774993896,-0.0,-0.0
0.6531424522399902,-0.0,-0.0
0.7524843215942383,-0.0,-0.0
0.8530106544494629,-0.0,-0.0
0.9522554874420166,-0.0,-0.0
1.0030739307403564,-0.0,-0.0
1.1013848781585693,-0.0,-0.0
1.2020692825317383,-0.0,-0.0
1.2526400089263916,-0.0,-0.0
1.3032503128051758,-0.0,-0.0
1.3541793823242188,-0.0,-0.0
1.4051883220672607,-0.0,-0.0
1.4559946060180664,-0.0,-0.0
1.50606107711792,-0.0,-0.0
1.6058247089385986,-0.0,-0.0
1.7052643299102783,-0.0,-0.0
1.756237268447876,-0.0,-0.0
1.8074309825897217,-0.0,-0.0
1.8574426174163818,-0.0,-0.0
1.9581005573272705,-0.0,-0.0
2.008089542388916,-0.0,-0.0
2.107314348220825,-0.0,-0.0
2.15832781791687,-0.0,-0.0
2.199659824371338,0.017560992389917374,-0.0
2.2041194438934326,0.07535341382026672,-0.0
2.207465648651123,0.1496579498052597,-0.0
2.2114431858062744,0.20745036005973816,-0.0
2.21598219871521,0.28175491094589233,-0.0
2.2238333225250244,0.3560594320297241,-0.0
2.2282824516296387,0.5376927852630615,-0.0
2.236203670501709,0.6285094022750854,-0.0
2.2395923137664795,0.8349109292030334,-0.0
2.2439639568328857,0.9422397017478943,-0.0
2.2484281063079834,1.0,-0.0
2.298743963241577,1.0,-0.0
2.3984971046447754,1.0,-0.0
2.4983408451080322,1.0,-0.0
2.549388885498047,1.0,-0.0
2.600231885910034,1.0,-0.0
2.6504416465759277,1.0,-0.0
2.700488328933716,1.0,-0.0
2.7511110305786133,1.0,-0.0
2.8013925552368164,1.0,-0.0
2.9022014141082764,1.0,-0.0
2.9531357288360596,1.0,-0.0
3.004188060760498,1.0,-0.0
3.054826021194458,1.0,-0.0
3.1539227962493896,1.0,-0.0
3.254554271697998,1.0,-0.0
3.3045947551727295,1.0,-0.0
3.3552606105804443,1.0,-0.0
3.4058899879455566,1.0,-0.0
3.506162166595459,1.0,-0.0
3.5572822093963623,1.0,-0.0
3.6074719429016113,1.0,-0.0
3.707387924194336,1.0,-0.0
3.7576887607574463,1.0,-0.0
3.857813835144043,1.0,-0.0
3.908135175704956,1.0,-0.0
3.9586029052734375,1.0,-0.0
4.009020090103149,1.0,-0.0
4.107974529266357,1.0,-0.0
4.155837297439575,0.9422397017478943,-0.0
4.160055160522461,0.8927033543586731,-0.0
4.163465976715088,0.826654851436615,-0.0
4.16796350479126,0.7523503303527832,-0.0
4.1757636070251465,0.6780457496643066,-0.0
4.183573484420776,0.4055958092212677,-0.0
4.195740699768066,0.28175491094589233,-0.0
4.20360541343689,-0.0,-0.0
4.254620313644409,-0.0,-0.0
4.3049516677856445,-0.0,-0.0
4.355992317199707,-0.0,-0.0
4.359342098236084,-0.0,-0.0
4.359370470046997,-0.05880916491150856,-0.0
4.363830327987671,-0.05880916491150856,-0.0
4.363853693008423,-0.12485764175653458,-0.0
4.368387222290039,-0.12485764175653458,-0.0
4.3684165477752686,-0.22393035888671875,-0.0
4.371807098388672,-0.22393035888671875,-0.0
4.371839761734009,-0.3312591314315796,-0.0
4.376327276229858,-0.3312591314315796,-0.0
4.376354932785034,-0.45510002970695496,-0.0
4.379733324050903,-0.5706848502159119,-0.0
4.384279489517212,-0.6945257782936096,-0.0
4.3876471519470215,-0.6945257782936096,-0.0
4.3876752853393555,-0.826622724533081,-0.0
4.395496129989624,-0.9422075748443604,-0.0
4.400043725967407,-0.9422075748443604,-0.0
4.400087833404541,-1.0,-0.0
4.415663480758667,-1.0,-0.0
4.420178651809692,-1.0,-0.0
4.47035813331604,-1.0,-0.0
4.520441770553589,-1.0,-0.0
4.571097135543823,-1.0,-0.0
4.622276544570923,-1.0,-0.0
4.660062789916992,-1.0,-0.0
4.736323118209839,-1.0,-0.0
4.787112474441528,-1.0,-0.0
4.824204206466675,-0.8596469759941101,-0.0
4.827574729919434,-0.8596469759941101,-0.0
4.827597379684448,-0.36428338289260864,-0.0
4.832120895385742,-0.36428338289260864,-0.0
4.832146644592285,0.11663371324539185,-0.0
4.835507154464722,0.11663371324539185,-0.0
4.835528135299683,0.43862003087997437,-0.0
4.843674421310425,0.43862003087997437,-0.0
4.843710899353027,0.2734988331794739,-0.0
4.848160743713379,-0.12485764175653458,-0.0
4.851557493209839,-0.0,-0.0
4.9134392738342285,-0.0,-0.0
4.963469743728638,-0.0,-0.0
5.013556718826294,-0.0,-0.0
5.112589359283447,-0.0,-0.0
5.21299147605896,-0.0,-0.0
5.263225317001343,-0.0,-0.0
5.313473701477051,-0.0,-0.0
5.363556861877441,-0.0,-0.0
5.414099216461182,-0.0,-0.0
5.464253902435303,-0.0,-0.0
5.515130519866943,-0.0,-0.0
5.566253185272217,-0.0,-0.0
5.616386890411377,-0.0,-0.0
5.666492223739624,-0.0,-0.0
5.716619491577148,-0.0,-0.0
5.816445827484131,-0.0,-0.0
5.866442918777466,-0.0,-0.0
5.917062520980835,-0.0,-0.0
5.967512369155884,-0.0,-0.0
6.018296718597412,-0.0,-0.0
6.068500757217407,-0.0,-0.0
6.167302131652832,-0.0,-0.0
6.21815037727356,-0.0,-0.0
6.269968032836914,-0.0,-0.0
6.369367837905884,-0.0,-0.0
6.420076370239258,-0.0,-0.0
6.470331907272339,-0.0,-0.0
6.521047115325928,-0.0,-0.0
6.621256113052368,-0.0,-0.0
6.671868562698364,-0.0,-0.0
6.7714879512786865,-0.0,-0.0
6.872007369995117,-0.0,-0.0
6.972107172012329,-0.0,-0.0
7.071452617645264,-0.0,-0.0
7.170270919799805,-0.0,-0.0
7.220632791519165,-0.0,-0.0
7.27172327041626,-0.0,-0.0
7.371292591094971,-0.0,-0.0
7.422260284423828,-0.0,-0.0
7.523014783859253,-0.0,-0.0
