t,x,y,yaw,vx,vy,v,omega
0.2515299320220947,0.4305587693972748,0.3987624741841474,0.0097395729848262,0.0024878519285553343,-0.0023345070759630453,0.002464997188983579,-0.004320117805844068
0.3515470027923584,0.4305587693972748,0.3987624741841474,0.0097395729848262,0.0018120401353154021,-0.0016609929053205586,0.0017957770857140465,-0.002824678408264763
0.4514203071594238,0.4305587693972748,0.3987624741841474,0.0097395729848262,0.001205288803419991,-0.001064478743181254,0.0011948642329559118,-0.0015212273504774236
0.5515625476837158,0.4305587693972748,0.3987624741841474,0.0097395729848262,0.0006675979328691011,-0.0005449645895451307,0.0006622586307091751,-0.0004097646324820502
0.6516759395599365,0.4310911213911361,0.3981615690414437,0.008833457782391,0.00019896752366273227,-0.00010245044441218885,0.00019805478109148698,0.0005097097457213585
0.7515425682067871,0.4311815253874283,0.3981678795814826,0.0076083948601171,-0.00020060242419911537,0.0002630636922175714,-0.00019859514488990452,0.0012371957841328008
0.8515360355377197,0.4310156881028556,0.3984251075098454,0.0077464758525276,-0.0005311119107164422,0.0005515778203441496,-0.0005268232338113133,0.0017726934827522766
0.9515843391418456,0.4312124806811696,0.398188210948536,0.0080938784599359,-0.000792560935889247,0.0007630919399675463,-0.0007863586693738608,0.0021162028415797882
1.0517051219940186,0.4304216895983934,0.3985334626660051,0.0099461784865051,-0.0009849494997175314,0.000897606051087762,-0.0009759731785353708,0.0022677238606153326
1.1515123844146729,0.4304216895983934,0.3985334626660051,0.0099461784865051,-0.0011082776022012938,0.0009551201537047961,-0.0010987231447642976,0.0022272565398589114
1.2515873908996582,0.4305197491897565,0.3985314399595855,0.0105445377990462,-0.0011625452433411624,0.0009356342478181734,-0.001152614965952361,0.0019948008793105156
1.3516004085540771,0.4305197491897565,0.3985314399595855,0.0105445377990462,-0.001165211368282652,0.0007103027364505198,-0.0011576569152843442,0.0007018174955854663
1.4516990184783936,0.4299761981509157,0.4006364080916382,0.0154712062185203,-0.0010176673793675633,0.0003921438656656392,-0.0010114788916823867,-0.0005467818711291719
1.5516016483306885,0.4299761981509157,0.4006364080916382,0.0154712062185203,-0.0007231120248565575,-1.5344150104909873e-05,-0.0007232628682188334,-0.0017799364707221483
1.6515562534332275,0.4299293437201248,0.3983915862919124,0.0066996232656768,-0.0002883996960450202,-0.000516922573365464,-0.00029185638425762453,-0.003093753131254838
1.7516300678253174,0.4299293437201248,0.3983915862919124,0.0066996232656768,-9.344875010985909e-05,-0.0007261852989697646,-9.831178442515716e-05,-0.0036129546953686505
1.8515160083770752,0.4304719719026785,0.3983110193708606,0.0095278465156894,0.0001101510631140272,-0.0008821809296045997,0.00010174090607768772,-0.0035276164493901825
1.9515421390533447,0.430498692701482,0.3985067792230245,0.0099340671699791,0.0002838337187613567,-0.000983698323716949,0.00027404774921782637,-0.0029830972597438554
2.051400184631348,0.429955495456585,0.398607748233101,0.0073960930433233,0.0003655885158282933,-0.0009851339909348195,0.00035829244039794626,-0.0018880541054593358
2.151703357696533,0.429955495456585,0.398607748233101,0.0073960930433233,0.0007164363000821301,-0.0009477308890868674,0.0007094072629233213,-0.0005353952592706473
2.2514779567718506,0.4303888772922228,0.3985637584758195,0.0098136543493426,0.0009415994357969883,-0.0007563583046496635,0.0009341315746466684,0.0006170510291696814
2.351642847061157,0.4303888772922228,0.3985637584758195,0.0098136543493426,0.001102469133087777,-0.0004608179439530274,0.0010978938098876643,0.0011135161826309834
2.45165491104126,0.4303888772922228,0.3985637584758195,0.0098136543493426,0.0008692328185300989,9.35882435483832e-05,0.0008701093898419431,0.001437155186567881
2.551587581634521,0.4303888772922228,0.3985637584758195,0.0098136543493426,0.0007145174314683381,4.842117212387233e-05,0.0007149582059584092,-0.00023511363675464409
2.651265859603882,0.4304000243862887,0.3985940152146051,0.0101060025443981,0.0005464985711387278,-0.00044179665185342144,0.000542005941986058,-0.002958705663438353
2.751469850540161,0.4308929734829344,0.3982796963896152,0.0087038881538495,0.0004123823605964739,-0.00039222993639736504,0.00040895285773991726,-0.002892708180044989
2.8516860008239746,0.4308929734829344,0.3982796963896152,0.0087038881538495,0.00024910142696754796,-0.0002459023022689053,0.00024695171224366696,-0.001482122823083323
2.951714277267456,0.4311487468592199,0.3979863745732272,0.0086412078777186,-7.59817842868396e-05,-0.00012661300421024785,-7.707302318000983e-05,-0.0010447547319630136
3.0517327785491943,0.43099138416025,0.3981906459857217,0.0083380895423572,-0.00011570129975255194,-6.817556780853475e-05,-0.00011626572518464463,-0.0009207114193484873
3.1515915393829346,0.4305933370738853,0.3981838418275534,0.0061475073576694,-0.00033481611891867345,5.7664061451696835e-05,-0.00033445530426963173,-0.0005710979851496042
3.2516722679138184,0.4305933370738853,0.3981838418275534,0.0061475073576694,-0.0003696704749515025,0.0001153843060077344,-0.0003689541683061781,0.00022168547338095325
3.351702690124512,0.430063480903063,0.3985609202602706,0.0076128542933102,-0.0003936002094981506,0.00012235632310061105,-0.00039265733203258624,0.000417558533591765
3.451575517654419,0.4305125328858355,0.398747902664921,0.0093789664532019,-0.0003079668995869967,7.337175739353767e-05,-0.000307265213367942,0.0005398846387120667
3.5515928268432617,0.430539921973722,0.3983206418017339,0.009983930145404,-0.00013652940356253043,-9.576452628834789e-05,-0.0001374786895283404,0.000616846312643032
3.651641607284546,0.430539921973722,0.3983206418017339,0.009983930145404,0.00011025008731812419,-0.0001825144563737391,0.00010842241125174419,0.00028245452286317855
3.751663208007813,0.430539921973722,0.3983206418017339,0.009983930145404,0.0004798043614897534,-0.00041226093522195653,0.0004756645325123891,-0.0005091963198759935
3.851660966873169,0.43089831051931,0.3980237354050161,0.0076531373187588,0.0006736471377218438,-0.0005809511445326321,0.0006691813544066372,-0.0007947358319747623
3.9517340660095215,0.4311258490440887,0.3982051257092078,0.0074792565047048,0.0009189416665624228,-0.0006820754864293958,0.0009138145942585167,-0.000597985606701093
4.051802158355713,0.4300202837736288,0.3983166804025173,0.006350367674192,0.000889615149100461,-0.0005686652714610441,0.0008859860020446795,-0.0009957317276996476
4.1515748500823975,0.4310087699536215,0.3979653812564735,0.0077390790685429,0.0007032892894153937,-0.00040908359388521637,0.000700102329670759,-0.0017571406831978693
4.251634120941162,0.4310679453174055,0.3979402916129526,0.0078145976500518,0.000510296037660566,-0.00016279721992321777,0.000509008274552963,-0.0017637502398320098
4.351657867431641,0.4310679453174055,0.3979402916129526,0.0078145976500518,0.00023295413127500178,0.00016047762686460104,0.00023420107361908892,-0.0012898626221067517
4.4515533447265625,0.4310319242851799,0.3979481469029345,0.007803656798355,9.042318599125979e-05,0.00042225020982674527,9.371549502918291e-05,-0.0014632199086441963
4.551579236984253,0.4310424173452169,0.3982526461010313,0.0074401441611629,-9.735827755991307e-05,0.0004797579085033168,-9.378614783228995e-05,-0.001521795198669436
4.651682376861572,0.4311103975810483,0.397943119259118,0.0080652269708664,-0.0001299422397208986,0.0005362262597329148,-0.00012561327390353622,-0.0018947841774991738
4.7519073486328125,0.4310272628585148,0.3981712910253326,0.0085707053277472,-4.292847016215337e-05,0.0005136769242210376,-3.852437382231398e-05,-0.0012042815141445908
4.851562976837158,0.4311259386726826,0.3983858954202877,0.0081248762890558,-0.00015587343383353242,0.00039172488596710825,-0.0001526856077565903,-0.0018897797746776788
4.951720476150513,0.4307298539460477,0.3984276477465427,0.0056833938246515,-0.0003670933254556561,0.0003718141988348182,-0.00036497424159184473,-0.0015920483849289754
5.051671504974365,0.4307298539460477,0.3984276477465427,0.0056833938246515,-0.0007134929028219956,0.00029557309766875886,-0.0007118015303237109,-0.0010815234475234016
5.151694059371948,0.4307298539460477,0.3984276477465427,0.0056833938246515,-0.0005392061723364337,0.00012715026172560075,-0.0005384748227979806,0.0003861144363501224
5.251657247543335,0.4307298539460477,0.3984276477465427,0.0056833938246515,-0.0005484663363359982,5.216430536819812e-05,-0.0005481610096688211,0.001657924553693562
5.35159158706665,0.4307298539460477,0.3984276477465427,0.0056833938246515,-0.0004425739209978283,-2.2764915398950855e-05,-0.00044269615451769233,0.0037763888791751783
5.451877593994141,0.4309902310434131,0.3981852801481869,0.0083928560041214,-0.000510921869161041,0.00013834994131996063,-0.0005097427370864823,0.005262639786144947
5.551630973815918,0.4309902310434131,0.3981852801481869,0.0083928560041214,-0.0006350098476806849,0.0001508178345783779,-0.0006337217052468891,0.00492596090529082
5.651713848114014,0.4305620463830729,0.3982787405687054,0.0099956661294253,-0.0005748218040615097,6.040437958187289e-05,-0.0005741893161602421,0.004265057811407848
5.751676797866821,0.4299910375722399,0.3983419284185138,0.0067350096195023,-0.0004514588820829363,8.656687958137968e-05,-0.000450865618595168,0.0032834269455057747
5.851663112640381,0.4304692769365984,0.3984997594665462,0.0097840197130238,-0.00015304527928169942,7.797555779561274e-05,-0.000152275051831474,0.0024423750162278525
5.951611518859863,0.4304692769365984,0.3984997594665462,0.0097840197130238,-1.0832403266606422e-05,-9.712884983815485e-05,-1.1782180213638202e-05,-9.127903883861805e-05
6.051661968231201,0.4305682800819876,0.3984818554550345,0.0104607545251718,0.0003666739453844596,-0.00017776993864432496,0.0003647943097069011,-0.0010007544374293863
6.151738166809082,0.4305202505888393,0.3984878570687311,0.0101883048584132,0.00031533930315742753,-6.832011960630595e-05,0.00031462688277939904,-0.0019862264562819166
6.2515504360198975,0.4305202505888393,0.3984878570687311,0.0101883048584132,0.0003653319440506779,-0.00012427233032430776,0.00036404688071994557,-0.0027406014567633195
6.3514487743377686,0.4301009460337098,0.3986256799947814,0.0063197289685731,0.00044833562424943796,-0.0001972783970247017,0.00044707993354515494,-0.0028075060252679847
6.451761722564697,0.4306019574612066,0.397893098818864,0.0049675109361543,0.0006759027691080402,-0.00036790495632293453,0.0006740668654033305,-0.002380294663085719
6.551625967025757,0.4311775507055083,0.3981955169959896,0.0080690685004533,0.0006310660771980687,-0.0003188214045368627,0.0006284729691596711,-0.0019495552809808438
6.651655197143555,0.4310927908135362,0.3981495863670504,0.0089666557906662,0.00038045559589343185,-0.0002104067559786007,0.0003785536818310273,-0.0010711471217571184
6.751694202423096,0.4310927908135362,0.3981495863670504,0.0089666557906662,-0.00042214304430055784,-0.00023601182606234304,-0.0004242422825195686,-0.00042624798451428806
6.851593494415283,0.4306323923218385,0.3981690947053651,0.006153680643157,-0.0020546194404203934,-0.00044703543255673016,-0.0020573314345254004,-0.0007549753890509995
6.951701879501343,0.4307031881408842,0.3986445372078231,0.0097703541483607,-0.0026423298140016756,-0.00037814357562997516,-0.002645898234712675,-0.0008162555847156906
7.05157208442688,0.4299824466021418,0.3985687130328879,0.0074065969329606,-0.003598161159169423,-0.0004922262950490808,-0.0036017081546719227,-0.003215533268590946
7.151542663574219,0.4310760387992958,0.3979521997168568,0.0080143718175288,-0.0028717564378198755,-0.00021270046465646925,-0.0028733688539931937,-0.002824727113791752
7.251583099365234,0.4309927031333226,0.3982515876694958,0.0086707778142724,0.00037472685908318364,0.0007091837999394553,0.0003808618708488329,-0.00043136305692529275
7.351562023162842,0.4309927031333226,0.3982515876694958,0.0086707778142724,0.005519949353514813,0.0017105230460787556,0.005534573232762117,0.007833178733080806
7.451508283615112,0.4304020104437552,0.3985911439505095,0.0101466404557591,0.012153537279273142,0.0028459015182021926,0.012181787499092614,0.01848500883995327
7.551594257354736,0.4304310314428998,0.398366844494553,0.0099268833881415,0.018509114252987267,0.0042461202818016835,0.018550352337141675,0.029343951585917502
7.651548385620117,0.4304310314428998,0.398366844494553,0.0099268833881415,0.018241231518365132,0.004130747014162411,0.01828133752323327,0.03188971157963944
7.751593828201294,0.4327998152983738,0.3990386056060358,0.0091434885100232,0.022587487192917435,0.005010535827377417,0.022632356142738876,0.03854259469301677
7.8514931201934814,0.4393214427773159,0.400495671010977,0.0187822421674174,0.026764600143225716,0.005953199209342657,0.02687168722809747,0.04374469951261212
7.951359987258911,0.4415302740851733,0.4007797365999717,0.0221738364838634,0.012548157151720014,0.0001106170896046331,0.012547525049543646,0.014137172346400571
8.051716566085815,0.4502425692946098,0.4029168598224654,0.0400924586427776,0.0183787031245136,0.000793934426339224,0.018395756347481303,0.017985810928053243
8.15153193473816,0.4552229651977985,0.4039114515050898,0.0468083114899132,0.027680601023217965,0.0023760015834011633,0.02776145822542174,0.03538129877292069
8.251723289489746,0.4569668338693654,0.4036458779848919,0.0564642844576719,0.03584856737636338,-3.7040191230436337e-06,0.035791227046381144,0.0477543858404281
8.351659297943115,0.4580059310599836,0.4044298713588485,0.0492262895306333,0.05921888651987163,0.004257900805073158,0.05935666660450016,0.08140660010319388
8.451643466949463,0.4580059310599836,0.4044298713588485,0.0492262895306333,0.10120931182097548,0.01988478912214135,0.10206516908704828,0.14703704556976024
8.551608800888062,0.4601051713417052,0.404545679169748,0.0521308950679948,0.13896900908249857,0.030688009360906734,0.14037928754059953,0.2021711270871941
8.651406288146973,0.4873176057907163,0.410419536081448,0.0824050775453317,0.19368993552944727,0.05717648529265408,0.197738974509315,0.287669675927113
8.751397371292114,0.4873176057907163,0.410419536081448,0.0824050775453317,0.25448981267042015,0.09209131406342251,0.26120643872190813,0.3852107974225476
8.85167932510376,0.4986532259525539,0.4125469805844881,0.096379409613281,0.3117767492743735,0.12911523513354606,0.32275461782396153,0.48083906842315827
8.951706886291504,0.5920210627975032,0.4445855109193993,0.2639741209739504,0.35674953634851314,0.16287272519870655,0.3868885738163809,0.5592022807467734
9.051770687103271,0.5920210627975032,0.4445855109193993,0.2639741209739504,0.36040716543395085,0.16127124043243252,0.390001647214689,0.5678637037768697
9.151735544204712,0.6352836860596965,0.4601843127485099,0.3092821253620517,0.35379464781516673,0.15725984856434172,0.38487386295177095,0.5567796010263071
9.251725673675535,0.7081051416034974,0.5037008132742875,0.4293002584239084,0.35071214820025254,0.17497838529828424,0.3917196246210328,0.5609851262000347
9.351600646972656,0.7437950349735107,0.5279696569236187,0.4944205678530089,0.3451858842291103,0.20393689051402328,0.4006202159539297,0.5634726641408514
9.45175814628601,0.7517999448387017,0.5338984894819053,0.5036636997475028,0.3136096422922032,0.183306993002971,0.36313649234008644,0.4978867700436047
9.551666498184204,0.8214273743249078,0.5916022593621181,0.6292845150575699,0.29480487038397263,0.205056580833199,0.3590240803557794,0.4790584393533582
9.651607751846312,0.8214273743249078,0.5916022593621181,0.6292845150575699,0.2774745387788471,0.20563890091764667,0.345356128201186,0.4472684560851289
9.751646995544434,0.8214273743249078,0.5916022593621181,0.6292845150575699,0.266397907425993,0.23274756309984396,0.35235648835268774,0.44375992363767425
9.851611375808716,0.8214273743249078,0.5916022593621181,0.6292845150575699,0.2748281608837739,0.2829820037370849,0.38873822454420154,0.47376481640010526
9.951621055603027,0.8214273743249078,0.5916022593621181,0.6292845150575699,0.2920237634887277,0.3453843290658808,0.4393679059696025,0.49854379779340163
10.051615476608276,0.930862626167743,0.7152298029090048,0.8275402502017302,0.31359251399855265,0.46277559888390774,0.552931936104913,0.633116956563186
10.151674509048462,0.9780489824739892,0.7902147234979224,0.9342311231341804,0.3235953852706868,0.627485546619074,0.6969446839400857,0.8148252396111147
10.251616477966309,0.9780489824739892,0.7902147234979224,0.9342311231341804,0.3564099341424773,0.7463960431644939,0.8120718185373339,0.9235812081573748
10.351549863815308,0.9780489824739892,0.7902147234979224,0.9342311231341804,0.32872300535976373,0.88933301179402,0.9105553447452672,1.053370013803531
10.451466798782349,1.0663396570678365,1.014932986311754,1.208266482042046,0.2992771268204317,0.9996483002299783,1.0408096632061365,1.1316214048497648
10.551658630371094,1.0663396570678365,1.014932986311754,1.208266482042046,0.22130203234243126,1.115761254651257,1.1217224329333986,1.2368163925905973
10.6518075466156,1.1038375326958847,1.218626656805139,1.4050180140469115,0.06565080726723262,1.2032864494026965,1.1976233509142882,1.3191474325120434
10.75168490409851,1.106391589833118,1.3289850933205156,1.5102131886986268,-0.06447446997088485,1.239193486380503,1.2330163888906784,1.3250982102388185
10.851688861846924,1.0895080339309406,1.4678020175889577,1.665511784730914,-0.24541689793499927,1.2505418098369696,1.268146720076184,1.353985391102134
10.9515118598938,1.104403181498214,1.67727957629312,2.0550085760220216,-0.4359691124837686,1.2350390811135592,1.2960099260044382,1.3927131319078678
11.051755428314207,1.0039135811560371,1.7151768537122345,1.8999594605091477,-0.5982654486144066,1.200964077842788,1.3298781776872628,1.4423969497480282
11.151516675949097,1.0039135811560371,1.7151768537122345,1.8999594605091477,-0.752333632400447,1.105540375581653,1.2893801952401325,1.419536464728922
11.251901388168337,0.8276458783826164,1.9720119292348912,2.261849362351084,-0.8728232078976504,0.9607941754595849,1.2966572316353306,1.3325335863835415
11.35156774520874,0.8063930267094803,1.9931282224167524,2.294548874905912,-0.7257448236413332,0.8740543295800444,1.1355407951251797,0.9993523296368574
11.4514799118042,0.6038380073749448,2.144929325089144,2.539236277684342,-0.6882104307690847,0.7584718127346123,0.9968266188966524,0.8822157026639822
11.551557779312134,0.5366493398589736,2.1795651559191427,2.6177242193790136,-0.6967810592542114,0.6330422047115484,0.9200050557020601,1.3568939523640373
11.651553630828856,0.5366493398589736,2.1795651559191427,2.6177242193790136,-0.7805914176080693,0.46784239081333195,0.9099371691478094,1.4926254930550131
11.751572847366331,0.2941295626134956,2.259653827292314,2.871742279689684,-0.9144404287611226,0.23677499201151844,0.9444687460184867,1.326013900812096
11.851545333862305,0.2941295626134956,2.259653827292314,2.871742279689684,-1.0615458055113842,-0.002634106236901461,1.0224270882542519,0.9735725593761004
11.951635837554932,0.2941295626134956,2.259653827292314,2.871742279689684,-1.2047009284078847,-0.2488682017427662,1.0947586760776942,-0.06532424019730204
12.05155634880066,0.2941295626134956,2.259653827292314,2.871742279689684,-1.319080655520327,-0.30387915826007583,1.1903338734312323,-1.0012038378972257
12.151508092880247,0.2941295626134956,2.259653827292314,2.871742279689684,-1.401658675219304,-0.4226803125067897,1.2382525898491246,-1.3413023566582054
12.251382112503052,0.2941295626134956,2.259653827292314,2.871742279689684,-1.4674247917621774,-0.5610125450827153,1.2647610764713222,-1.174132890604962
12.351679801940918,-0.5999125685817663,1.9803574901535903,3.857032487860388,-1.433584876108571,-0.7978520854108082,1.6054274050021897,-0.719337837592776
12.45164155960083,-0.5999125685817663,1.9803574901535903,3.857032487860388,-1.4175115152429119,-0.9582750781741391,1.6985245319289195,-0.08560878396694835
12.551546573638916,-0.811260940490433,1.6730590970485162,1.5974269719204652,-1.2483154821116655,-1.1749668931378474,-1.1413107622134537,0.703307257523563
12.651601552963257,-0.811260940490433,1.6730590970485162,1.5974269719204652,-1.0507176862909393,-1.3475041607473484,-1.3190483872984151,1.503688793695696
12.751644611358644,-0.811260940490433,1.6730590970485162,1.5974269719204652,-0.7768520329061792,-1.486560796268219,-1.4653480738681448,2.3739270665790055
12.851554870605469,-0.811260940490433,1.6730590970485162,1.5974269719204652,-0.39295259666868804,-1.5961749269396517,-1.5851456194365339,3.0920602397435
12.951592206954956,-0.7729407688171684,1.739691463032901,4.038956550750186,0.0006295404194526963,-1.6523256126316253,1.2912064479871208,3.664950856615939
13.051399230957031,-0.8308317853744259,0.9259790165601632,4.997110116431333,0.3835429778376803,-1.6565797942713727,1.6976192449690397,4.069426076812657
13.151587009429932,-0.7610585728152199,0.7813170982463273,5.134318653893601,0.7194414709056689,-1.609909859412344,1.7633482654654113,4.301602455380239
13.251543760299684,-0.7120922862219825,0.7023443516077582,5.226286921938134,0.967528214115797,-1.5120383442408727,1.7923490096352264,4.373727432238539
13.351651191711426,-0.7120922862219825,0.7023443516077582,5.226286921938134,1.0238390127098005,-1.3988784933859706,1.7214864567912134,4.25502041060134
13.45168113708496,-0.4565688270297265,0.4346477118770416,5.601804924018361,1.146252221456592,-1.2460543814472553,1.6751456947888586,3.338236838159392
13.551593780517578,-0.4565688270297265,0.4346477118770416,5.601804924018361,1.2304702781475678,-1.0625409787300744,1.6249693852986742,1.9695970894618129
13.65154480934143,-0.1759268151248994,0.2985582436143427,5.898226934263832,1.3671007398982025,-0.707635091378003,1.5327797177396747,1.28053649167506
13.751502752304075,-0.1316620344051604,0.2869013928431916,5.941681493496608,1.474644375488874,-0.3143062557697136,1.4947493166973134,0.8565715635578268
13.851492404937744,0.0223272794283841,0.2591383961176686,6.1040264315675605,1.532039204707646,0.04978723316902287,1.4986450960099835,0.8418564128734567
13.95131254196167,0.2399582306937429,0.2596696938642038,6.304849981126605,1.4981066876179798,0.1742516775168734,1.5015299375890854,1.2794778078537747
14.051440954208374,0.4243888019835415,0.2967298333934424,6.497913057834558,1.4214754498068494,0.16513437763158517,1.4240175433377058,1.3798159210028225
14.151363611221312,0.5544169906343647,0.3449895998987946,6.6320368788757,1.3402556314536906,0.36573607255476664,1.38454197998022,1.3498620304541307
14.2515709400177,0.5544169906343647,0.3449895998987946,6.6320368788757,1.2103035924419707,0.633403030207701,1.3539110795308638,1.3638430119993794
14.3514301776886,0.5544169906343647,0.3449895998987946,6.6320368788757,1.0538555802627743,0.902254450326372,1.2987850388741928,1.4076489975205049
14.45156192779541,0.9238552159978494,0.6337262751061536,7.103787929640395,0.9210050069480663,1.0931955787256602,1.427657914235491,1.5149870533085332
14.551547288894652,1.0096957085722988,0.7602773439248994,7.255899250833007,0.7345075675180931,1.2847951922713916,1.4753473337924725,1.5293643922426385
14.65147876739502,1.0096957085722988,0.7602773439248994,7.255899250833007,0.6887117597173814,1.2715857644057893,1.4386451091371033,1.4062555101255372
14.751835107803345,1.0096957085722988,0.7602773439248994,7.255899250833007,0.5249767152762933,1.311818163617052,1.3797013914719527,1.326555946787424
14.851612567901611,1.0096957085722988,0.7602773439248994,7.255899250833007,0.41694377729733967,1.3171282999325251,1.3232608857187111,1.2639133787841734
14.951401948928831,1.1465256960362145,1.3522205717752256,7.847741451638612,0.24515840092125837,1.3327482559643509,1.3342521307172701,1.2886017098772762
15.051260709762571,1.119830001204034,1.521093801689638,8.046340681714309,0.11821190676596866,1.3319530824479058,1.2847873508934737,1.2380163136015065
15.151525497436523,1.0812770221764625,1.6412374969043957,8.10875173923374,-0.1076829050772848,1.3102177363784526,1.295064121196967,1.2325941577664536
15.251573085784912,1.0812770221764625,1.6412374969043957,8.10875173923374,-0.39414981686456313,1.257856533487739,1.3165893056445552,1.253412968720686
15.3515625,1.0812770221764625,1.6412374969043957,8.10875173923374,-0.6689432878864253,1.194707162478325,1.324732575570701,1.351192177812106
15.451558351516724,1.0812770221764625,1.6412374969043957,8.10875173923374,-0.8415274484151417,1.1448141305999386,1.3199451956483759,2.0001379446912497
15.551527500152588,1.0812770221764625,1.6412374969043957,8.10875173923374,-1.1102117691870357,0.9980767980435965,1.2456589720900473,2.168905244384161
15.651612997055054,0.6855751437957464,2.1308331570831505,8.775211932388965,-1.339863449893923,0.8776528418509145,1.5978356868911332,2.0072992197453234
15.751649141311646,0.6855751437957464,2.1308331570831505,8.775211932388965,-1.5534078972769316,0.6858502110952289,1.6518809594433577,1.6260007217575538
15.851595640182495,0.4063624905968159,2.257402811973294,9.07412193649034,-1.6939109338690834,0.5305355384533148,1.7730786997995491,0.5004725152785114
15.951438903808594,0.4063624905968159,2.257402811973294,9.07412193649034,-1.745643712236021,0.4791583309753426,1.8040146231738783,-0.10821195246999749
16.05152440071106,-0.0367895639437628,2.2809890024962294,9.509535069630799,-1.7711200509655598,0.2530680408457171,1.7433385575492,-0.4547757339173992
16.151652336120605,-0.1423908584968243,2.257144434626481,9.616473012368125,-1.7269515132283026,-0.03195532082005545,1.701406651508646,-0.5647831391600774
16.251574993133545,-0.2582823929739569,2.216542761882881,9.737579942162156,-1.6036937504761382,-0.38208087765586174,1.6434507790717192,-0.44514882304000614
16.351549863815308,-0.3399420037185652,2.177687673769166,9.83008338686026,-1.422430232960604,-0.7313568949164172,1.595561424166754,-0.12432482280461221
16.45203137397766,-0.5568233889569358,2.138062089215332,7.9561229260500985,-1.2041568840373087,-1.0472896033658547,-0.9190508586406925,0.3853918037396897
16.551559925079346,-0.5776566557559248,2.115536914787566,7.937160640927821,-0.9851210083948068,-1.2790176756001497,-1.1927486948247579,1.0621581407162006
16.65149474143982,-0.7728964839030111,1.7281097197308393,7.869448349721035,-0.7929651019136226,-1.3912154526181073,-1.37878497629746,1.9256378667359013
16.75150752067566,-0.7728964839030111,1.7281097197308393,7.869448349721035,-0.5476557403198773,-1.5352179411914144,-1.5265642200231806,2.583747655649876
16.851575136184692,-0.832080068335194,1.5743324869173554,10.625644448882479,-0.34261999499171353,-1.6096264053293714,1.6246138139785369,3.2263616491402334
16.951539516448975,-0.8732959376570969,1.3325561225075513,10.86420541970432,-0.09121736501669779,-1.660500112669993,1.6581411193332116,3.698843733714994
17.051411628723145,-0.871583955778221,1.210253511672911,10.98178293573257,0.07369732895728855,-1.651242815281265,1.6500694298614078,4.039637195747549
17.151602506637573,-0.8392364121153296,1.0148250777298022,11.175620295366318,0.327103964890011,-1.5965681475746847,1.6293364393221508,4.037092394520065
17.251555919647217,-0.7882400611199789,0.8696235448243512,11.326256839878917,0.563755768875517,-1.4919932645103036,1.594203596469316,3.700480726576451
17.351494789123535,-0.7160515169711642,0.7207495051040036,11.500836656217237,0.765925061903752,-1.349455690908927,1.551573941395397,2.9617674436757975
17.45142102241516,-0.6310119382267044,0.6080782876584443,11.635080101814955,0.9382400989502098,-1.1731363445373681,1.5012545308342857,1.8145441529684487
17.551361799240112,-0.5248893750633836,0.4996683704408309,11.779819391304864,1.1239709918840048,-0.9867903502879819,1.4924208179875293,1.2072343421799296
17.65157127380371,-0.486506736407678,0.4689851488129113,11.824715387707391,1.247052369581133,-0.8428905280677206,1.4888962784420587,0.8277797779590355
17.75137233734131,-0.2614160141169725,0.3348285832649885,12.086491759734109,1.3933304413735017,-0.5760393079954877,1.5018960207261156,0.8883673471463348
17.851571321487427,-0.1179473175696515,0.2869295223332543,12.231842835078542,1.468417864725801,-0.3762351409625263,1.5105435014660342,1.4901794375032842
17.95153832435608,0.0034051484026186,0.2638611875960759,12.355819994283861,1.5137793881130914,-0.17578471385521957,1.517087782760725,1.5133809244813026
18.05163168907165,0.1739074458126768,0.2539802882590606,12.512796660176688,1.5303414707340048,0.05052317575335028,1.5254403952768694,1.5162169487593895
18.151564121246334,0.2960375316188759,0.2650007641975774,12.631695075463076,1.5123015732575742,0.29686821182849804,1.5284549759566042,1.5672801673056889
18.25154137611389,0.4484381971050291,0.2988589807185443,12.787234969482595,1.4600282108126938,0.4821428948110368,1.5301863935874125,1.5358152956479358
18.351263284683228,0.6466876464933339,0.3842592108647922,13.007554968164227,1.3760087289172147,0.6574314115053769,1.524981422811453,1.5199291914567383
18.45150399208069,0.7598463030245911,0.461864217530449,13.166892579171574,1.2295362566535475,0.8526483685092227,1.4962262867509273,1.7346887548266565
18.551554441452023,0.8666247836366142,0.5509456517368326,13.294153209330977,1.0624111115403871,1.0897958613785064,1.5181998812776674,2.33078168959703
18.65127301216125,0.9840602660819902,0.6918040587830894,13.4584417520787,0.8560506026962567,1.2866404762394525,1.5389167237795016,2.283244964943333
18.751546621322632,1.009550732685008,0.7305648904224272,13.503528629241071,0.7475916008300896,1.2929890034391431,1.4846268262578297,2.351763352981827
18.85157513618469,1.1155160592566005,0.9529452907138778,13.736228761147784,0.580080856009937,1.3198204609266186,1.4415477074967307,1.5620697855165295
18.95153951644897,1.1502336857354185,1.0876450876875663,13.870574074567191,0.36443114001193355,1.349538286603107,1.3978726174034894,0.2583709457380954
19.05143690109253,1.168813877513488,1.2410792716043575,14.013940294878095,0.10704377883747274,1.3732811769876534,1.3760251479522876,-1.2691990925850547
19.15152192115784,1.168813877513488,1.2410792716043575,14.013940294878095,-0.09170324732451507,1.3698584531310483,1.3481993830652674,-2.9128400657762006
19.25140142440796,1.134450321645242,1.5472807749037512,14.332244069151285,-0.2950038837750802,1.352809375926771,1.3843344661759902,-4.380006311367356
19.351306915283203,1.0629008138486105,1.736360610810008,14.453953973240175,-0.4981949184149781,1.3207569597237792,1.4102329197779853,-5.537835281476287
19.451558113098145,1.0859908782327752,1.8292745120350653,13.559495348755078,-0.7522345499790113,1.2414598400638552,0.6292397509085474,-6.277041486598115
19.55157971382141,1.0157268608930528,1.7106630328249255,11.142801786713802,-0.972660454918424,1.141737382144533,-1.2720711900108679,-6.585585188711276
19.65157651901245,1.0157268608930528,1.7106630328249255,11.142801786713802,-1.1851257289219925,1.0032154858114761,-1.1662157265559223,-6.387058420451796
19.7515721321106,0.6742168485474744,2.159625532137816,8.804534473118617,-1.3044112064924425,0.8861714346910046,1.5765199652726696,-5.827872437114583
19.851911067962646,0.5221989564296251,2.234931879143644,8.965301910215373,-1.3863701413412113,0.7704984305215552,1.5842822699599646,-4.772666604583485
19.951393604278564,0.4210758871993346,2.269914482879126,9.073726654143977,-1.457815477091867,0.5924671325473251,1.5726464642818405,-3.4407765559592622
20.051534414291385,0.4210758871993346,2.269914482879126,9.073726654143977,-1.5044427211222369,0.372729040152513,1.5408653172152045,-1.8891553978159596
20.151456356048584,0.0829449811676167,2.3055185532131928,9.411879006476035,-1.5212422010610456,0.08942270125673918,1.5222690757291026,-0.2742075323473135
20.251731872558597,-0.0706543255021259,2.284049745528348,9.56530037570246,-1.4994491114125417,-0.16003298126189927,1.5070832673117533,1.2413677420452753
20.35144591331482,-0.2307715189310636,2.234535816711061,9.731081655293377,-1.4279739355712675,-0.4504694436715728,1.497341345619848,2.2681486094690886
20.451550483703613,-0.2451398735675469,2.228453732998671,9.746194286324563,-1.317975550177782,-0.608846388596901,1.4428216930866207,2.407516153985062
20.55155873298645,-0.3760261709850695,2.1579650305939584,9.898935021355275,-1.1891813796661117,-0.8368625283264276,1.440090354027133,2.0683892619334383
20.65161681175232,-0.3760261709850695,2.1579650305939584,9.898935021355275,-1.0501478768315493,-0.9869598312043587,1.3849280443424496,1.950950574330177
20.751537799835205,-0.6658722718488357,1.889420705423404,10.293213725545183,-0.9472575607109994,-1.0478561336594518,1.4117974607749053,1.3864565744371085
20.851436853408813,-0.7517293462974909,1.73660929747631,10.362453696836479,-0.7720982636185384,-1.18357222784748,1.4110005819761513,1.3995867468540788
20.95141220092773,-0.8182867532722474,1.586966377535029,10.62178415201795,-0.5560961795886407,-1.3144103635006334,1.4267069929605232,1.4116481011677326
21.051608324050903,-0.8489408264082993,1.4535084112623782,10.761151675607008,-0.3276705999985439,-1.4241124333931277,1.4612727880986165,1.4367291728640754
21.15196847915649,-0.8535757041501262,1.4239682400576483,10.7901473722064,-0.1419779230036794,-1.49570750688743,1.4932201282338142,1.5445816871585507
21.251715898513797,-0.8535757041501262,1.4239682400576483,10.7901473722064,0.10012371916110366,-1.5386093197193014,1.4858347551655788,1.5965234631851015
21.35159945487976,-0.8535757041501262,1.4239682400576483,10.7901473722064,0.3525001061320207,-1.5388038443929757,1.434544162807895,1.6204228800612595
21.4516544342041,-0.7566974914258,0.8238890232328554,11.387568717167973,0.6262134769975262,-1.4869846185228295,1.6134290812129142,1.6038989653946247
21.55137848854065,-0.7145805730055157,0.7447185657441252,11.477264444186238,0.8567238185954847,-1.4075099420296409,1.6442548768563554,1.6131644815361523
21.651545763015747,-0.611293376274785,0.6065853254835702,11.638670371244016,1.0681988869279073,-1.2901358077896563,1.6729952457039885,1.6171269809186286
21.751555919647217,-0.5139004550200579,0.5072201263173097,11.769194973806885,1.1830548007271664,-1.1921916546957323,1.6795124817995304,1.6827123382958735
21.85155701637268,-0.3634418536761872,0.3973499198257515,11.94624115076082,1.3173814597388516,-1.0143365910782383,1.6615613803885698,1.6724605193358115
21.9515540599823,-0.2242252033745377,0.3273132441744941,12.104319051673096,1.4362843517319233,-0.7592063637520851,1.6241184961270625,1.7022675658641004
22.05154848098755,-0.0631462037810435,0.2787540346225741,12.26547177790956,1.5059919817680003,-0.48366511095640213,1.5816765580248544,1.63665646978584
22.15162491798401,0.0595189937858762,0.2589457019737804,12.383096750302734,1.5385976562982981,-0.16566917200486792,1.5430228255146414,1.531044437259514
22.25155639648437,0.2152885415207964,0.2543151783422501,12.526053356121128,1.5335512821647492,0.1690723820979137,1.5254903831628326,1.464558916731749
22.35138273239136,0.3839010982892086,0.2751535666374365,12.689482311792856,1.4910041441360078,0.4523789037094379,1.53527176942664,1.4760099627832166
22.451521158218384,0.5352596884033887,0.3191417324596663,12.85393869155816,1.421651454809248,0.5983157633867081,1.532968325326734,1.594717474134574
22.55154299736023,0.6749071532455326,0.3847363155231132,13.008470780212877,1.3018613926573426,0.7503945633138537,1.497741890970247,1.5069719077269284
22.651720762252808,0.7897581071732187,0.4609225541605949,13.153659431276164,1.1828168856012344,0.813358639043607,1.4353182316258528,1.2524685313333177
22.751351594924927,0.9256386397247426,0.5855878887578929,13.325342272326289,1.021309874611697,0.9251519294520356,1.3776724056667575,1.1762678829864772
22.85138702392578,1.019813272143671,0.7059888936417106,13.477401007500614,0.8913354801659746,0.9856686979872588,1.3251400175526862,1.2807103904597983
22.951542615890503,1.0445623307004834,0.7449387784399396,13.520104697033393,0.7483120299523314,1.0523211349753967,1.2912585818567064,1.3433183408921765
23.051555395126343,1.1425442809687425,0.9546501805795962,13.733757423368811,0.5364470784629899,1.153584923172983,1.2715700141997224,1.4415421736494185
23.151280403137207,1.184434055810654,1.1199978735513951,13.889026898669167,0.28271017926652353,1.2594904835430714,1.2903474463807563,1.5373617304084874
23.25150227546692,1.1914321340120235,1.166045054218648,13.934583722931702,0.11814173393879174,1.316218597131179,1.3130722243658846,1.5316769694570358
23.351622819900516,1.1914321340120235,1.166045054218648,13.934583722931702,-0.10129648562643104,1.3678175049024606,1.3194648841772396,1.5754517178521428
23.45156025886536,1.1914321340120235,1.166045054218648,13.934583722931702,-0.34374404901471844,1.3986417972155536,1.3008782783208608,1.6284236467092215
23.5514018535614,1.1870876190968644,1.4601734623909028,14.216191526534796,-0.5769012731228097,1.3989731937658203,1.4401492017697732,1.6620170721880583
23.651421546936035,1.0928934926992684,1.7908107174444612,15.097377027670422,-0.6395888237388616,1.3860227731536818,1.3186960312903258,1.5265343951983952
23.751587867736816,1.0928934926992684,1.7908107174444612,15.097377027670422,-0.7560221091918194,1.3284975336415423,1.3811092501280202,1.4407731698224362
23.851609468460083,0.8815148363751338,2.0351275116896987,14.868892549695236,-0.92284025292252,1.2034207354125595,1.5119720362293512,1.3950917582754037
23.951303958892822,0.6822323578536993,2.1818653996011785,15.106731512793214,-1.0981098578403838,1.0218460301250152,1.4835608028444278,1.3554485479897156
24.051527738571167,0.6822323578536993,2.1818653996011785,15.106731512793214,-1.229541393612657,0.8361248474859659,1.4868896425730311,1.345200280799624
24.151569604873657,0.6822323578536993,2.1818653996011785,15.106731512793214,-1.3130356870801554,0.6109402153469579,1.428364697552791,1.2738872824630374
24.251762628555294,0.313329324568104,2.309913572989052,15.501282381000713,-1.2848637920760295,0.4217084613761364,1.3440584600909455,1.657337088520293
24.35155987739563,0.313329324568104,2.309913572989052,15.501282381000713,-1.2396998983872987,0.2862828319465523,1.2720647297853585,0.9120444268808099
24.451526403427124,0.313329324568104,2.309913572989052,15.501282381000713,-1.2025274075539278,0.1013149363214319,1.1977256293377454,1.229461239779797
24.55148720741272,0.313329324568104,2.309913572989052,15.501282381000713,-1.1824011441486229,-0.09781090403923455,1.1371645806415909,1.295746628685115
24.65135335922241,-0.2832889888441968,2.2125954948278856,16.074687231431035,-1.2062218607085784,-0.2918931473571159,1.2306775187954293,1.8228512351740433
24.7515561580658,-0.3426010438416095,2.1754557015387235,16.169893442187792,-1.195890477016132,-0.5763190177651488,1.3274059230524593,1.290381353390277
24.85150027275085,-0.3426010438416095,2.1754557015387235,16.169893442187792,-1.1820050541453833,-0.8392229886466013,1.4321459815099398,0.21865211237150467
24.951383352279663,-0.3426010438416095,2.1754557015387235,16.169893442187792,-1.1567238214569402,-1.0566619706523108,1.5064218886738354,-1.1331180501143403
25.05154299736023,-0.3426010438416095,2.1754557015387235,16.169893442187792,-1.0002658964230289,-1.3227238790550535,1.4849393279076941,-2.5502377769804783
25.151496410369877,-0.4062974403492906,2.133527402701145,16.24504725146314,-0.8120021514327582,-1.5469297856438442,1.4891355976896299,-3.819570220294641
25.251359701156616,-0.7209562118572107,1.776465619408469,14.145929814931286,-0.7186043460266525,-1.6552324316983424,-1.648871922555907,-4.8755215981602875
25.351346731185917,-0.8414421507062037,1.2821812831337256,17.211092998681114,-0.4733738707656838,-1.7511823571240626,1.7791819174499892,-5.654677588148187
25.451516151428223,-0.885899672472809,1.1355235736539184,14.228827124850937,-0.22854019450378718,-1.7924154291895258,-1.7639724145549904,-6.007812478206391
25.55154776573181,-0.885899672472809,1.1355235736539184,14.228827124850937,0.027545812473242864,-1.7738498034519539,-1.7689247605922893,-5.8348821456947935
25.651684761047363,-0.7605179165266619,0.8868941005202176,11.299630693080026,0.2315845771115305,-1.6944737508409622,1.6860828420026555,-5.120397046667888
25.75130009651184,-0.7195232242158006,0.791965862522711,11.423403496967058,0.5872598546181654,-1.5205934633177622,1.6271923091689922,-4.181893997404848
25.85131239891052,-0.7195232242158006,0.791965862522711,11.423403496967058,0.9339947586531294,-1.277219828706943,1.5496134432284725,-3.0241871535413805
25.95134735107422,-0.474014678961791,0.492123278789504,11.795731771776836,1.1357016570373215,-1.0274042311569456,1.5305104445579198,-1.82649003189777
26.05144143104553,-0.474014678961791,0.492123278789504,11.795731771776836,1.2254566743772843,-0.8293328009039633,1.4569312839860293,-0.6691059562400625
26.151556730270386,-0.4501082287737221,0.4725114683053806,11.823158656106541,1.259582695924422,-0.672775002105232,1.3826669235371538,0.39375001684087485
26.251340866088867,-0.0956282910640434,0.2940152323294043,12.211358652221795,1.2443022219766031,-0.5688537654069277,1.364444904148224,1.1640259869284255
26.3514347076416,0.0240049683859363,0.2669974227170015,12.339920516214454,1.280600594395568,-0.4105998805892678,1.3400940442637128,2.485471364797386
26.451483011245728,0.2552641951049302,0.2567133383721591,12.54940259016453,1.3051634315421634,-0.21564860814488068,1.3086345039563914,2.1201833570230795
26.55153632164001,0.3163297914822893,0.2624381402853547,12.607283995316724,1.3347282305457926,0.07587019318197141,1.3367145226005812,2.0698431443699805
26.65146541595459,0.3163297914822893,0.2624381402853547,12.607283995316724,1.3613075150855565,0.3090275268751668,1.3728081583865706,1.4136655258052448
26.751584768295288,0.3163297914822893,0.2624381402853547,12.607283995316724,1.328789238102508,0.6105041163421481,1.3526480795897513,1.4948278874492478
26.851489305496216,0.3163297914822893,0.2624381402853547,12.607283995316724,1.2994066686264423,0.8103833610243905,1.331465552910404,1.486779747318802
26.9515438079834,0.654288653586094,0.3647893883295561,12.964357542870133,1.2688089705849834,0.9628012984357796,1.542789274479896,1.5503402276465623
27.051535844802856,0.9740231127007736,0.6233392645322777,13.372657196367934,1.113856372793774,1.2034523362593477,1.6395505035195133,1.5914044429481085
27.15152049064636,1.0937362975707416,0.8022961551016738,13.578918095525001,0.9770527280251406,1.3732056074039067,1.6822775261328813,1.6318751762759285
27.251558303833008,1.1395463325828374,0.900860818232507,13.676525085475305,0.886078093892342,1.465809747259791,1.7069067581085224,1.7167859615529444
27.351595878601078,1.1395463325828374,0.900860818232507,13.676525085475305,0.648685995284327,1.5715958139695174,1.6961401801586884,1.7706060233761853
27.45142149925232,1.2188260872581984,1.2814208545056904,14.046976256501994,0.42412138979277236,1.617931342825761,1.649555345194535,1.742410100476274
27.551738262176517,1.2188260872581984,1.2814208545056904,14.046976256501994,0.06435575373546445,1.6185081553511986,1.6177262763423057,1.69216593795107
27.65162396430969,1.2049500912368396,1.4657013056865402,14.219509121923444,-0.33810786301795936,1.5627762176552977,1.5852903041954916,1.6296239837464717
27.751569747924805,1.2049500912368396,1.4657013056865402,14.219509121923444,-0.7038691292393996,1.4594439193322648,1.5123916743987833,1.573351287630823
27.851572036743164,1.0500182440500778,1.854801293147844,14.601230762462201,-0.943182972935163,1.328394897530643,1.6100604842148916,1.5243063267021935
27.951513290405277,0.9369328050967632,2.0008754944738367,14.795470133308612,-0.9123391426576293,1.2452731777103139,1.5431969687182154,1.4359219915140908
28.05153465270996,0.9369328050967632,2.0008754944738367,14.795470133308612,-0.9455629156905677,1.1282512324737866,1.4709544219489423,1.434593844822687
28.151621103286743,0.7782732331291302,2.1380477100982573,15.030268448619774,-1.003578885518582,0.9728126737823117,1.391760642370679,1.3592630836358428
28.25142216682434,0.5591614628537435,2.255830681103232,15.257415778301993,-1.105917516565488,0.7335487961417316,1.3149867367360217,1.3196398440971737
28.35157895088196,0.5591614628537435,2.255830681103232,15.257415778301993,-1.2058397553556142,0.46512142360627773,1.2880486494838326,1.3140192435884475
28.451500177383423,0.2694159629440897,2.3238066505599595,15.558942649713519,-1.2645989275949554,0.2533417582096874,1.288196896873001,1.375787040678661
28.551591873168945,0.2694159629440897,2.3238066505599595,15.558942649713519,-1.24387957532912,0.14014597211666124,1.2509010362496713,1.1779721820503146
28.6515691280365,0.2694159629440897,2.3238066505599595,15.558942649713519,-1.2398117574330771,-0.01230184780092284,1.224244423618413,1.1222121270345056
28.75157356262207,0.2694159629440897,2.3238066505599595,15.558942649713519,-1.241445986966582,-0.23331444242498828,1.19304687247434,1.1442442953667595
28.8516104221344,0.1623521401062822,2.3262444274337737,15.658023366203818,-1.2530928929833354,-0.431025596084476,1.2300141850973147,1.3185277560019537
28.951540231704712,-0.3806034414033432,2.148718757498436,16.229715665242086,-1.2546342645727595,-0.622958895569378,1.3981843571775239,1.3740173155280757
29.0515878200531,-0.3806034414033432,2.148718757498436,16.229715665242086,-1.2048297396532677,-0.8602081093950859,1.4732515088616778,1.4440834598971
29.151578426361084,-0.5688334265699077,1.9836882138164436,16.47875044909664,-1.0990120187408243,-1.0329408864318073,1.5080400374098537,1.502288407559158
29.251511096954346,-0.5688334265699077,1.9836882138164436,16.47875044909664,-0.9637559979456973,-1.198526466351421,1.526375943378171,1.5665111998710226
29.35157036781311,-0.5688334265699077,1.9836882138164436,16.47875044909664,-0.7990616772678861,-1.3569648491539217,1.5186144647510504,1.6367518368327028
29.4516077041626,-0.5688334265699077,1.9836882138164436,16.47875044909664,-0.6049290567073903,-1.5082560348393104,1.4847556015284926,1.7130103184441987
29.55137538909912,-0.8303920719889668,1.284471289658624,17.217301523886697,-0.38135813626421056,-1.6524000234075862,1.6727031538794228,1.79528664470551
29.65153288841248,-0.8233319022698664,1.162790343656389,17.329321314050485,-0.12834891593834663,-1.7893968148587498,1.7806232397011617,1.883580815616637
29.751572847366333,-0.8077854489167224,1.072201853755294,17.419147131753817,0.15409860427020156,-1.9192464091928005,1.9219270953160204,1.9778928311775792
29.851452827453613,-0.8077854489167224,1.072201853755294,17.419147131753817,0.465984424361434,-2.041948806409739,2.0870635273848572,2.0782226913883375
29.951250076293945,-0.6543119122912167,0.7067860823430263,17.811638985321366,0.8073085443353512,-2.1575040065095648,2.268486810998,2.184570396248911
30.051522254943848,-0.5570447269917264,0.5839447273289874,17.95257051407926,1.178070964191952,-2.2659120094922782,2.5057749321326215,2.2969359457593
